insert into shiptype (shipTypeCode, description) values ('FFE', 'Fast Ferry');
insert into shiptype (shipTypeCode, description) values ('FER', 'Ferry');
insert into shiptype (shipTypeCode, description) values ('CON', 'Container Ship');
insert into countries (iso_code, name) values ('DK', 'Denmark');
insert into countries (iso_code, name) values ('ES', 'Spain');
insert into countries (iso_code, name) values ('FR', 'France');
insert into countries (iso_code, name) values ('IT', 'Italy');
insert into countries (iso_code, name) values ('MA', 'Morocco');
insert into countries (iso_code, name) values ('UK', 'United Kingdom');
insert into countries (iso_code, name) values ('US', 'United States');
insert into ships (ship_id, imo_code, name, gross_tons, date_built, flag_ISO_CODE, shipType_shipTypeCode, version) values (-1, 9043952, 'Patricia Olivia', 3454, '1992-07-01', 'ES', 'FFE', 1);
insert into ships (ship_id, imo_code, name, gross_tons, date_built, flag_ISO_CODE, shipType_shipTypeCode, version) values (-2, 9304631, 'Albaycin', 7499, '2004-01-01', 'ES', 'FER', 1);
insert into ships (ship_id, imo_code, name, gross_tons, date_built, flag_ISO_CODE, shipType_shipTypeCode, version) values (-3, 9321483, 'Emma Maersk', 170794, '2006-01-01', 'DK', 'CON', 1);
insert into ships (ship_id, imo_code, name, gross_tons, date_built, flag_ISO_CODE, shipType_shipTypeCode, version) values (-4, 9619907, 'Maersk Mc Kinney Moller', 194849, '2013-01-01', 'DK', 'CON', 1);
insert into ships (ship_id, imo_code, name, gross_tons, date_built, flag_ISO_CODE, shipType_shipTypeCode, version) values (-5, 9214903, 'Caroline Maersk', 92198, '2000-01-01', 'DK', 'CON', 1);